-- MySQL dump 10.13  Distrib 5.7.25, for Linux (x86_64)
--
-- Host: 172.19.0.2    Database: challenge
-- ------------------------------------------------------
-- Server version	5.6.43

/*!40101 SET @OLD_CHARACTER_SET_CLIENT=@@CHARACTER_SET_CLIENT */;
/*!40101 SET @OLD_CHARACTER_SET_RESULTS=@@CHARACTER_SET_RESULTS */;
/*!40101 SET @OLD_COLLATION_CONNECTION=@@COLLATION_CONNECTION */;
/*!40101 SET NAMES utf8 */;
/*!40103 SET @OLD_TIME_ZONE=@@TIME_ZONE */;
/*!40103 SET TIME_ZONE='+00:00' */;
/*!40014 SET @OLD_UNIQUE_CHECKS=@@UNIQUE_CHECKS, UNIQUE_CHECKS=0 */;
/*!40014 SET @OLD_FOREIGN_KEY_CHECKS=@@FOREIGN_KEY_CHECKS, FOREIGN_KEY_CHECKS=0 */;
/*!40101 SET @OLD_SQL_MODE=@@SQL_MODE, SQL_MODE='NO_AUTO_VALUE_ON_ZERO' */;
/*!40111 SET @OLD_SQL_NOTES=@@SQL_NOTES, SQL_NOTES=0 */;

--
-- Table structure for table `group`
--

CREATE SCHEMA `challenge` DEFAULT CHARACTER SET utf8 ;
USE `challenge`;

DROP TABLE IF EXISTS `group`;
/*!40101 SET @saved_cs_client     = @@character_set_client */;
/*!40101 SET character_set_client = utf8 */;
CREATE TABLE `group` (
  `id` bigint(18) NOT NULL AUTO_INCREMENT,
  `stage` varchar(25) NOT NULL,
  `name` varchar(100) NOT NULL,
  `created` bigint(18) NOT NULL,
  `modified` bigint(18) NOT NULL,
  `state` tinyint(1) NOT NULL DEFAULT '1',
  PRIMARY KEY (`id`),
  UNIQUE KEY `unq_group_id` (`id`),
  KEY `ind_group_state` (`state`),
  KEY `ind_group_stage` (`stage`)
) ENGINE=InnoDB AUTO_INCREMENT=48 DEFAULT CHARSET=utf8;
/*!40101 SET character_set_client = @saved_cs_client */;

--
-- Dumping data for table `group`
--

LOCK TABLES `group` WRITE;
/*!40000 ALTER TABLE `group` DISABLE KEYS */;
INSERT INTO `group` VALUES (1,'cc','Grupo A',1546308000,1546308000,1),(2,'cc','Grupo B',1546308000,1546308000,1),(3,'cc','Grupo C',1546308000,1546308000,1),(4,'cc','Grupo D',1546308000,1546308000,1),(5,'cc','Grupo E',1546308000,1546308000,1),(6,'cc','Grupo F',1546308000,1546308000,1),(7,'cc','Grupo G',1546308000,1546308000,1),(8,'cc','Grupo H',1546308000,1546308000,1),(9,'cc','Grupo I',1546308000,1546308000,1),(10,'cc','Grupo J',1546308000,1546308000,1),(11,'cc','Grupo K',1546308000,1546308000,1),(12,'cc','Grupo L',1546308000,1546308000,1),(13,'cc','Grupo M',1546308000,1546308000,1),(14,'cc','Grupo N',1546308000,1546308000,1),(15,'cc','Grupo O',1546308000,1546308000,1),(16,'cc','Grupo P',1546308000,1546308000,1),(17,'po','Playoffs A',1546308000,1546308000,1),(18,'po','Playoffs B',1546308000,1546308000,1),(19,'po','Playoffs C',1546308000,1546308000,1),(20,'po','Playoffs D',1546308000,1546308000,1),(21,'po','Playoffs E',1546308000,1546308000,1),(22,'po','Playoffs F',1546308000,1546308000,1),(23,'po','Playoffs G',1546308000,1546308000,1),(24,'po','Playoffs H',1546308000,1546308000,1),(25,'po','Playoffs I',1546308000,1546308000,1),(26,'po','Playoffs J',1546308000,1546308000,1),(27,'po','Playoffs K',1546308000,1546308000,1),(28,'po','Playoffs L',1546308000,1546308000,1),(29,'po','Playoffs M',1546308000,1546308000,1),(30,'po','Playoffs N',1546308000,1546308000,1),(31,'po','Playoffs O',1546308000,1546308000,1),(32,'po','Playoffs P',1546308000,1546308000,1),(33,'f8','8s A',1546308000,1546308000,1),(34,'f8','8s B',1546308000,1546308000,1),(35,'f8','8s C',1546308000,1546308000,1),(36,'f8','8s D',1546308000,1546308000,1),(37,'f8','8s E',1546308000,1546308000,1),(38,'f8','8s F',1546308000,1546308000,1),(39,'f8','8s G',1546308000,1546308000,1),(40,'f8','8s H',1546308000,1546308000,1),(41,'f4','4s A',1546308000,1546308000,1),(42,'f4','4s B',1546308000,1546308000,1),(43,'f4','4s C',1546308000,1546308000,1),(44,'f4','4s D',1546308000,1546308000,1),(45,'fs','SemiFinal A',1546308000,1546308000,1),(46,'fs','SemiFinal B',1546308000,1546308000,1),(47,'ff','Final',1546308000,1546308000,1);
/*!40000 ALTER TABLE `group` ENABLE KEYS */;
UNLOCK TABLES;

--
-- Table structure for table `match`
--

DROP TABLE IF EXISTS `match`;
/*!40101 SET @saved_cs_client     = @@character_set_client */;
/*!40101 SET character_set_client = utf8 */;
CREATE TABLE `match` (
  `id` bigint(18) NOT NULL AUTO_INCREMENT,
  `groupid` bigint(18) NOT NULL,
  `ateamid` bigint(18) NOT NULL,
  `bteamid` bigint(18) NOT NULL,
  `avictory` int(11) NOT NULL DEFAULT '0',
  `bvictory` int(11) NOT NULL DEFAULT '0',
  `rounds` int(11) NOT NULL DEFAULT '1',
  `created` bigint(18) NOT NULL,
  `modified` bigint(18) NOT NULL,
  PRIMARY KEY (`id`),
  UNIQUE KEY `unq_match_id` (`id`),
  KEY `ind_match_groupid` (`groupid`),
  KEY `fk_match_ateamid_idx` (`ateamid`),
  KEY `fk_match_bteamid_idx` (`bteamid`),
  CONSTRAINT `fk_match_ateamid` FOREIGN KEY (`ateamid`) REFERENCES `team` (`id`) ON DELETE NO ACTION ON UPDATE NO ACTION,
  CONSTRAINT `fk_match_bteamid` FOREIGN KEY (`bteamid`) REFERENCES `team` (`id`) ON DELETE NO ACTION ON UPDATE NO ACTION,
  CONSTRAINT `fk_match_groupid` FOREIGN KEY (`groupid`) REFERENCES `group` (`id`) ON DELETE NO ACTION ON UPDATE NO ACTION
) ENGINE=InnoDB AUTO_INCREMENT=192 DEFAULT CHARSET=utf8;
/*!40101 SET character_set_client = @saved_cs_client */;

--
-- Dumping data for table `match`
--

LOCK TABLES `match` WRITE;
/*!40000 ALTER TABLE `match` DISABLE KEYS */;
INSERT INTO `match` VALUES (1,1,1,2,16,15,16,1546308000,1546308000),(2,1,1,3,16,15,16,1546308000,1546308000),(3,1,1,4,16,15,16,1546308000,1546308000),(4,1,1,5,16,15,16,1546308000,1546308000),(5,1,2,3,16,15,16,1546308000,1546308000),(6,1,2,4,16,15,16,1546308000,1546308000),(7,1,2,5,16,15,16,1546308000,1546308000),(8,1,3,4,16,15,16,1546308000,1546308000),(9,1,3,5,16,15,16,1546308000,1546308000),(10,1,4,5,16,15,16,1546308000,1546308000),(11,2,6,7,16,15,16,1546308000,1546308000),(12,2,6,8,16,15,16,1546308000,1546308000),(13,2,6,9,16,15,16,1546308000,1546308000),(14,2,6,10,16,15,16,1546308000,1546308000),(15,2,7,8,16,15,16,1546308000,1546308000),(16,2,7,9,16,15,16,1546308000,1546308000),(17,2,7,10,16,15,16,1546308000,1546308000),(18,2,8,9,16,15,16,1546308000,1546308000),(19,2,8,10,16,15,16,1546308000,1546308000),(20,2,9,10,16,15,16,1546308000,1546308000),(21,3,11,12,16,15,16,1546308000,1546308000),(22,3,11,13,16,15,16,1546308000,1546308000),(23,3,11,14,16,15,16,1546308000,1546308000),(24,3,11,15,16,15,16,1546308000,1546308000),(25,3,12,13,16,15,16,1546308000,1546308000),(26,3,12,14,16,15,16,1546308000,1546308000),(27,3,12,15,16,15,16,1546308000,1546308000),(28,3,13,14,16,15,16,1546308000,1546308000),(29,3,13,15,16,15,16,1546308000,1546308000),(30,3,14,15,16,15,16,1546308000,1546308000),(31,4,16,17,16,15,16,1546308000,1546308000),(32,4,16,18,16,15,16,1546308000,1546308000),(33,4,16,19,16,15,16,1546308000,1546308000),(34,4,16,20,16,15,16,1546308000,1546308000),(35,4,17,18,16,15,16,1546308000,1546308000),(36,4,17,19,16,15,16,1546308000,1546308000),(37,4,17,20,16,15,16,1546308000,1546308000),(38,4,18,19,16,15,16,1546308000,1546308000),(39,4,18,20,16,15,16,1546308000,1546308000),(40,4,19,20,16,15,16,1546308000,1546308000),(41,5,21,22,16,15,16,1546308000,1546308000),(42,5,21,23,16,15,16,1546308000,1546308000),(43,5,21,24,16,15,16,1546308000,1546308000),(44,5,21,25,16,15,16,1546308000,1546308000),(45,5,22,23,16,15,16,1546308000,1546308000),(46,5,22,24,16,15,16,1546308000,1546308000),(47,5,22,25,16,15,16,1546308000,1546308000),(48,5,23,24,16,15,16,1546308000,1546308000),(49,5,23,25,16,15,16,1546308000,1546308000),(50,5,24,25,16,15,16,1546308000,1546308000),(51,6,26,27,16,15,16,1546308000,1546308000),(52,6,26,28,16,15,16,1546308000,1546308000),(53,6,26,29,16,15,16,1546308000,1546308000),(54,6,26,30,16,15,16,1546308000,1546308000),(55,6,27,28,16,15,16,1546308000,1546308000),(56,6,27,29,16,15,16,1546308000,1546308000),(57,6,27,30,16,15,16,1546308000,1546308000),(58,6,28,29,16,15,16,1546308000,1546308000),(59,6,28,30,16,15,16,1546308000,1546308000),(60,6,29,30,16,15,16,1546308000,1546308000),(61,7,31,32,16,15,16,1546308000,1546308000),(62,7,31,33,16,15,16,1546308000,1546308000),(63,7,31,34,16,15,16,1546308000,1546308000),(64,7,31,35,16,15,16,1546308000,1546308000),(65,7,32,33,16,15,16,1546308000,1546308000),(66,7,32,34,16,15,16,1546308000,1546308000),(67,7,32,35,16,15,16,1546308000,1546308000),(68,7,33,34,16,15,16,1546308000,1546308000),(69,7,33,35,16,15,16,1546308000,1546308000),(70,7,34,35,16,15,16,1546308000,1546308000),(71,8,36,37,16,15,16,1546308000,1546308000),(72,8,36,38,16,15,16,1546308000,1546308000),(73,8,36,39,16,15,16,1546308000,1546308000),(74,8,36,40,16,15,16,1546308000,1546308000),(75,8,37,38,16,15,16,1546308000,1546308000),(76,8,37,39,16,15,16,1546308000,1546308000),(77,8,37,40,16,15,16,1546308000,1546308000),(78,8,38,39,16,15,16,1546308000,1546308000),(79,8,38,40,16,15,16,1546308000,1546308000),(80,8,39,40,16,15,16,1546308000,1546308000),(81,9,41,42,16,15,16,1546308000,1546308000),(82,9,41,43,16,15,16,1546308000,1546308000),(83,9,41,44,16,15,16,1546308000,1546308000),(84,9,41,45,16,15,16,1546308000,1546308000),(85,9,42,43,16,15,16,1546308000,1546308000),(86,9,42,44,16,15,16,1546308000,1546308000),(87,9,42,45,16,15,16,1546308000,1546308000),(88,9,43,44,16,15,16,1546308000,1546308000),(89,9,43,45,16,15,16,1546308000,1546308000),(90,9,44,45,16,15,16,1546308000,1546308000),(91,10,46,47,16,15,16,1546308000,1546308000),(92,10,46,48,16,15,16,1546308000,1546308000),(93,10,46,49,16,15,16,1546308000,1546308000),(94,10,46,50,16,15,16,1546308000,1546308000),(95,10,47,48,16,15,16,1546308000,1546308000),(96,10,47,49,16,15,16,1546308000,1546308000),(97,10,47,50,16,15,16,1546308000,1546308000),(98,10,48,49,16,15,16,1546308000,1546308000),(99,10,48,50,16,15,16,1546308000,1546308000),(100,10,49,50,16,15,16,1546308000,1546308000),(101,11,51,52,16,15,16,1546308000,1546308000),(102,11,51,53,16,15,16,1546308000,1546308000),(103,11,51,54,16,15,16,1546308000,1546308000),(104,11,51,55,16,15,16,1546308000,1546308000),(105,11,52,53,16,15,16,1546308000,1546308000),(106,11,52,54,16,15,16,1546308000,1546308000),(107,11,52,55,16,15,16,1546308000,1546308000),(108,11,53,54,16,15,16,1546308000,1546308000),(109,11,53,55,16,15,16,1546308000,1546308000),(110,11,54,55,16,15,16,1546308000,1546308000),(111,12,56,57,16,15,16,1546308000,1546308000),(112,12,56,58,16,15,16,1546308000,1546308000),(113,12,56,59,16,15,16,1546308000,1546308000),(114,12,56,60,16,15,16,1546308000,1546308000),(115,12,57,58,16,15,16,1546308000,1546308000),(116,12,57,59,16,15,16,1546308000,1546308000),(117,12,57,60,16,15,16,1546308000,1546308000),(118,12,58,59,16,15,16,1546308000,1546308000),(119,12,58,60,16,15,16,1546308000,1546308000),(120,12,59,60,16,15,16,1546308000,1546308000),(121,13,61,62,16,15,16,1546308000,1546308000),(122,13,61,63,16,15,16,1546308000,1546308000),(123,13,61,64,16,15,16,1546308000,1546308000),(124,13,61,65,16,15,16,1546308000,1546308000),(125,13,62,63,16,15,16,1546308000,1546308000),(126,13,62,64,16,15,16,1546308000,1546308000),(127,13,62,65,16,15,16,1546308000,1546308000),(128,13,63,64,16,15,16,1546308000,1546308000),(129,13,63,65,16,15,16,1546308000,1546308000),(130,13,64,65,16,15,16,1546308000,1546308000),(131,14,66,67,16,15,16,1546308000,1546308000),(132,14,66,68,16,15,16,1546308000,1546308000),(133,14,66,69,16,15,16,1546308000,1546308000),(134,14,66,70,16,15,16,1546308000,1546308000),(135,14,67,68,16,15,16,1546308000,1546308000),(136,14,67,69,16,15,16,1546308000,1546308000),(137,14,67,70,16,15,16,1546308000,1546308000),(138,14,68,69,16,15,16,1546308000,1546308000),(139,14,68,70,16,15,16,1546308000,1546308000),(140,14,69,70,16,15,16,1546308000,1546308000),(141,15,71,72,16,15,16,1546308000,1546308000),(142,15,71,73,16,15,16,1546308000,1546308000),(143,15,71,74,16,15,16,1546308000,1546308000),(144,15,71,75,16,15,16,1546308000,1546308000),(145,15,72,73,16,15,16,1546308000,1546308000),(146,15,72,74,16,15,16,1546308000,1546308000),(147,15,72,75,16,15,16,1546308000,1546308000),(148,15,73,74,16,15,16,1546308000,1546308000),(149,15,73,75,16,15,16,1546308000,1546308000),(150,15,74,75,16,15,16,1546308000,1546308000),(151,16,76,77,16,15,16,1546308000,1546308000),(152,16,76,78,16,15,16,1546308000,1546308000),(153,16,76,79,16,15,16,1546308000,1546308000),(154,16,76,80,16,15,16,1546308000,1546308000),(155,16,77,78,16,15,16,1546308000,1546308000),(156,16,77,79,16,15,16,1546308000,1546308000),(157,16,77,80,16,15,16,1546308000,1546308000),(158,16,78,79,16,15,16,1546308000,1546308000),(159,16,78,80,16,15,16,1546308000,1546308000),(160,16,79,80,16,15,16,1546308000,1546308000),(161,17,1,2,1,0,1,1546308000,1546308000),(162,18,6,7,1,0,1,1546308000,1546308000),(163,19,11,12,1,0,1,1546308000,1546308000),(164,20,16,17,1,0,1,1546308000,1546308000),(165,21,21,22,1,0,1,1546308000,1546308000),(166,22,26,27,1,0,1,1546308000,1546308000),(167,23,31,32,1,0,1,1546308000,1546308000),(168,24,36,37,1,0,1,1546308000,1546308000),(169,25,41,42,1,0,1,1546308000,1546308000),(170,26,46,47,1,0,1,1546308000,1546308000),(171,27,51,52,1,0,1,1546308000,1546308000),(172,28,56,57,1,0,1,1546308000,1546308000),(173,29,61,62,1,0,1,1546308000,1546308000),(174,30,66,67,1,0,1,1546308000,1546308000),(175,31,71,72,1,0,1,1546308000,1546308000),(176,32,76,77,1,0,1,1546308000,1546308000),(177,33,1,6,1,0,1,1546308000,1546308000),(178,34,11,16,1,0,1,1546308000,1546308000),(179,35,21,26,1,0,1,1546308000,1546308000),(180,36,31,36,1,0,1,1546308000,1546308000),(181,37,41,46,1,0,1,1546308000,1546308000),(182,38,51,56,1,0,1,1546308000,1546308000),(183,39,61,66,1,0,1,1546308000,1546308000),(184,40,71,76,1,0,1,1546308000,1546308000),(185,41,1,11,1,0,1,1546308000,1546308000),(186,42,21,31,1,0,1,1546308000,1546308000),(187,43,41,51,1,0,1,1546308000,1546308000),(188,44,61,71,1,0,1,1546308000,1546308000),(189,45,1,21,1,0,1,1546308000,1546308000),(190,46,41,61,1,0,1,1546308000,1546308000),(191,47,1,41,1,0,1,1546308000,1546308000);
/*!40000 ALTER TABLE `match` ENABLE KEYS */;
UNLOCK TABLES;

--
-- Table structure for table `team`
--

DROP TABLE IF EXISTS `team`;
/*!40101 SET @saved_cs_client     = @@character_set_client */;
/*!40101 SET character_set_client = utf8 */;
CREATE TABLE `team` (
  `id` bigint(18) NOT NULL AUTO_INCREMENT,
  `ownerid` bigint(18) NOT NULL,
  `name` varchar(100) NOT NULL,
  `created` bigint(18) NOT NULL,
  `modified` bigint(18) NOT NULL,
  `state` tinyint(1) NOT NULL DEFAULT '1',
  UNIQUE KEY `unq_team_id` (`id`),
  KEY `ind_team_ownerid` (`ownerid`),
  KEY `ind_team_state` (`state`),
  CONSTRAINT `fk_team_ownerid` FOREIGN KEY (`ownerid`) REFERENCES `person`.`person` (`id`) ON DELETE NO ACTION ON UPDATE NO ACTION
) ENGINE=InnoDB AUTO_INCREMENT=81 DEFAULT CHARSET=utf8;
/*!40101 SET character_set_client = @saved_cs_client */;

--
-- Dumping data for table `team`
--

LOCK TABLES `team` WRITE;
/*!40000 ALTER TABLE `team` DISABLE KEYS */;
INSERT INTO `team` VALUES (1,1,'JadedFire',1546308000,1546308000,1),(2,1,'NoxreToygi',1546308000,1546308000,1),(3,1,'Firefle',1546308000,1546308000,1),(4,1,'BusterFire',1546308000,1546308000,1),(5,1,'TheFurtive',1546308000,1546308000,1),(6,1,'Fireovski',1546308000,1546308000,1),(7,1,'Noxioustrom',1546308000,1546308000,1),(8,1,'N0xr3F1ru5',1546308000,1546308000,1),(9,1,'Noxiousman',1546308000,1546308000,1),(10,1,'VonNoxious',1546308000,1546308000,1),(11,1,'WakefulEclipse',1546308000,1546308000,1),(12,1,'MerseEclre',1546308000,1546308000,1),(13,1,'Meresson',1546308000,1546308000,1),(14,1,'PortalEclipse',1546308000,1546308000,1),(15,1,'Eclipsedesu',1546308000,1546308000,1),(16,1,'VanMere',1546308000,1546308000,1),(17,1,'DasMere',1546308000,1546308000,1),(18,1,'Erfaba',1546308000,1546308000,1),(19,1,'Caonmefi',1546308000,1546308000,1),(20,1,'Sauraple',1546308000,1546308000,1),(21,1,'Hibuemoi',1546308000,1546308000,1),(22,1,'Beoflawe',1546308000,1546308000,1),(23,1,'Hiveixiu',1546308000,1546308000,1),(24,1,'Beoflawe',1546308000,1546308000,1),(25,1,'Inraofol',1546308000,1546308000,1),(26,1,'Tuikiney',1546308000,1546308000,1),(27,1,'Ingefuor',1546308000,1546308000,1),(28,1,'Flutekal',1546308000,1546308000,1),(29,1,'Wyuncian',1546308000,1546308000,1),(30,1,'Togewyus',1546308000,1546308000,1),(31,1,'Onnyomis',1546308000,1546308000,1),(32,1,'Vucikeol',1546308000,1546308000,1),(33,1,'Tiucegui',1546308000,1546308000,1),(34,1,'Kuinetol',1546308000,1546308000,1),(35,1,'Solofeus',1546308000,1546308000,1),(36,1,'Viezabor',1546308000,1546308000,1),(37,1,'Fumayoln',1546308000,1546308000,1),(38,1,'Nunciano',1546308000,1546308000,1),(39,1,'Maiarfis',1546308000,1546308000,1),(40,1,'Tuzecayn',1546308000,1546308000,1),(41,1,'Islaroil',1546308000,1546308000,1),(42,1,'Wyagexay',1546308000,1546308000,1),(43,1,'Fodenyul',1546308000,1546308000,1),(44,1,'Huebulun',1546308000,1546308000,1),(45,1,'Tehyofuy',1546308000,1546308000,1),(46,1,'Kaplikue',1546308000,1546308000,1),(47,1,'Bevecuve',1546308000,1546308000,1),(48,1,'Arflasil',1546308000,1546308000,1),(49,1,'Kaplikue',1546308000,1546308000,1),(50,1,'Lemabyus',1546308000,1546308000,1),(51,1,'Xabaifos',1546308000,1546308000,1),(52,1,'Heacudao',1546308000,1546308000,1),(53,1,'Suzaihos',1546308000,1546308000,1),(54,1,'Osandigo',1546308000,1546308000,1),(55,1,'Favoaess',1546308000,1546308000,1),(56,1,'Zugiamai',1546308000,1546308000,1),(57,1,'Wocoapur',1546308000,1546308000,1),(58,1,'Lansieol',1546308000,1546308000,1),(59,1,'Nunahyol',1546308000,1546308000,1),(60,1,'Geclomor',1546308000,1546308000,1),(61,1,'Noipireu',1546308000,1546308000,1),(62,1,'Fohyerui',1546308000,1546308000,1),(63,1,'Riruehir',1546308000,1546308000,1),(64,1,'Fluwetya',1546308000,1546308000,1),(65,1,'Podoakun',1546308000,1546308000,1),(66,1,'Waeisnin',1546308000,1546308000,1),(67,1,'Violiues',1546308000,1546308000,1),(68,1,'Assoisfa',1546308000,1546308000,1),(69,1,'Gesoabli',1546308000,1546308000,1),(70,1,'Invamihe',1546308000,1546308000,1),(71,1,'Licemaxe',1546308000,1546308000,1),(72,1,'Keadeopa',1546308000,1546308000,1),(73,1,'Muerosco',1546308000,1546308000,1),(74,1,'Bogezous',1546308000,1546308000,1),(75,1,'Niwiahya',1546308000,1546308000,1),(76,1,'Muisoaza',1546308000,1546308000,1),(77,1,'Kefiorou',1546308000,1546308000,1),(78,1,'Xacoaxye',1546308000,1546308000,1),(79,1,'Roxuxiun',1546308000,1546308000,1),(80,1,'Isgaemun',1546308000,1546308000,1);
/*!40000 ALTER TABLE `team` ENABLE KEYS */;
UNLOCK TABLES;
/*!40103 SET TIME_ZONE=@OLD_TIME_ZONE */;

/*!40101 SET SQL_MODE=@OLD_SQL_MODE */;
/*!40014 SET FOREIGN_KEY_CHECKS=@OLD_FOREIGN_KEY_CHECKS */;
/*!40014 SET UNIQUE_CHECKS=@OLD_UNIQUE_CHECKS */;
/*!40101 SET CHARACTER_SET_CLIENT=@OLD_CHARACTER_SET_CLIENT */;
/*!40101 SET CHARACTER_SET_RESULTS=@OLD_CHARACTER_SET_RESULTS */;
/*!40101 SET COLLATION_CONNECTION=@OLD_COLLATION_CONNECTION */;
/*!40111 SET SQL_NOTES=@OLD_SQL_NOTES */;

-- Dump completed on 2019-03-06  0:57:51
